{"optima":[[7.213765432098765,3.4477777777777776,4.201234567901235,2.2725308641975306,1.2841358024691358],[7.213765432098765,3.4485185185185183,4.201234567901235,2.2725308641975306,1.2841358024691358]],"minFunctionValue":0.6837150870397882,"iterations":50,"functionCalls":2125}