{"optima":[[14.281333333333333,6.967333333333333,6.751333333333333,1.8053333333333335,6.473000000000001,3.771,4.197,3.999,1.3079999999999998]],"minFunctionValue":1.7831774618091905,"iterations":25,"functionCalls":327}