{"optima":[[7.260765432098765,2.533292181069959,1.0365363511659809]],"minFunctionValue":1.4151249781085822,"iterations":25,"functionCalls":307}